50.348,16.713,0.31
54.636,43.819,24.399
35.32,37.69,32.923
69.915,57.021,15.979
90.201,40.629,15.07
59.698,28.165,33.155
55.708,8.481,24.277
34.62,25.692,-0.1
39.505,11.344,33.423
65.352,31.506,15.689
50.437,35.346,-0.249
84.037,24.694,24.432
39.583,35.221,0.094
65.34,25.18,24.521
84.664,31.591,16.105
50.242,11.501,32.99
89.712,28.383,32.957
59.872,40.645,15.639
34.137,8.595,24.489
55.767,25.938,0.134
80.603,57.334,15.28
54.698,37.605,33.034
39.562,16.613,-0.134
35.446,43.908,24.294
30.1,17.476,5.205
50.678,29.157,38.779
39.641,46.532,14.735
59.961,11.076,14.746
24.502,20.558,14.361
65.56,20.911,14.358
45.067,19.375,38.418
44.99,42.97,5.528
30.525,10.883,14.397
50.588,46.319,14.802
59.88,17.119,5.282
39.375,29.26,38.597
69.343,39.818,10.017
90.021,51.692,43.513
80.631,22.662,34.569
60.171,58.106,34.541
80.704,39.902,9.956
60.334,51.169,43.501
89.899,58.256,34.23
69.207,22.68,34.442
74.773,49.59,9.99
74.905,26.235,43.468
54.638,48.43,34.085
95.245,48.327,34.196
45.043,25.805,47.648
21.118,11.938,8.191
69.116,12.022,8.508
45.263,53.805,8.307
99.107,56.925,40.183
74.638,43.255,0.813
50.986,56.782,40.718
75.042,15.368,40.729
90.057,34.327,42.742
59.8,51.94,18.022
90.349,51.761,17.538
59.897,34.431,42.755
75.183,60.977,43.152
74.891,25.811,18.03
45.003,43.433,30.728
44.384,8.37,5.849
29.905,17.082,30.779
60.075,34.643,5.975
60.058,16.988,30.693
29.712,33.913,5.882
-69.64966544041474,-52.157845176799654,-48.43154620355396
-39.49581702125893,-34.96501692774797,0.31
-9.341968602103123,-17.77218867869628,49.05154620355396
-39.49984841915581,-0.4798282490516854,-48.43154620355396
-9.346000000000004,16.713,0.31
20.807848419155803,33.90582824905169,49.05154620355396
-9.350031397896885,51.19818867869628,-48.43154620355396
20.803817021258922,68.39101692774797,0.31
50.95766544041473,85.58384517679966,49.05154620355396
-9.955665440414737,-52.157845176799654,-48.43154620355396
20.19818297874107,-34.96501692774797,0.31
50.35203139789688,-17.77218867869628,49.05154620355396
20.194151580844192,-0.4798282490516854,-48.43154620355396
80.5018484191558,33.90582824905169,49.05154620355396
50.34396860210312,51.19818867869628,-48.43154620355396
80.49781702125892,68.39101692774797,0.31
110.65166544041473,85.58384517679966,49.05154620355396
49.73833455958527,-52.157845176799654,-48.43154620355396
79.89218297874108,-34.96501692774797,0.31
110.04603139789688,-17.77218867869628,49.05154620355396
79.8881515808442,-0.4798282490516854,-48.43154620355396
110.042,16.713,0.31
140.19584841915582,33.90582824905169,49.05154620355396
110.03796860210312,51.19818867869628,-48.43154620355396
140.19181702125894,68.39101692774797,0.31
170.34566544041473,85.58384517679966,49.05154620355396
-65.36166544041474,-25.051845176799652,-24.342546203553958
-35.20781702125893,-7.859016927747966,24.399
-5.053968602103112,9.33381132130372,73.14054620355395
-35.21184841915581,26.626171750948316,-24.342546203553958
-5.058,43.819,24.399
25.095848419155814,61.01182824905169,73.14054620355395
-5.062031397896874,78.30418867869628,-24.342546203553958
25.091817021258933,95.49701692774798,24.399
55.24566544041474,112.68984517679965,73.14054620355395
-5.6676654404147335,-25.051845176799652,-24.342546203553958
24.486182978741073,-7.859016927747966,24.399
54.64003139789689,9.33381132130372,73.14054620355395
24.482151580844196,26.626171750948316,-24.342546203553958
84.78984841915582,61.01182824905169,73.14054620355395
54.63196860210313,78.30418867869628,-24.342546203553958
84.78581702125894,95.49701692774798,24.399
114.93966544041474,112.68984517679965,73.14054620355395
54.026334559585266,-25.051845176799652,-24.342546203553958
84.18018297874107,-7.859016927747966,24.399
114.3340313978969,9.33381132130372,73.14054620355395
84.17615158084419,26.626171750948316,-24.342546203553958
114.33000000000001,43.819,24.399
144.48384841915583,61.01182824905169,73.14054620355395
114.32596860210313,78.30418867869628,-24.342546203553958
144.47981702125895,95.49701692774798,24.399
174.63366544041475,112.68984517679965,73.14054620355395
-84.67766544041474,-31.180845176799657,-15.818546203553957
-54.523817021258935,-13.988016927747971,32.923
-24.369968602103114,3.2048113213037155,81.66454620355395
-54.52784841915581,20.49717175094831,-15.818546203553957
-24.374000000000002,37.69,32.923
5.779848419155812,54.882828249051684,81.66454620355395
-24.378031397896876,72.17518867869629,-15.818546203553957
5.775817021258931,89.36801692774796,32.923
35.92966544041474,106.56084517679966,81.66454620355395
-24.983665440414736,-31.180845176799657,-15.818546203553957
5.170182978741071,-13.988016927747971,32.923
35.32403139789689,3.2048113213037155,81.66454620355395
5.166151580844193,20.49717175094831,-15.818546203553957
65.47384841915581,54.882828249051684,81.66454620355395
35.315968602103126,72.17518867869629,-15.818546203553957
65.46981702125893,89.36801692774796,32.923
95.62366544041474,106.56084517679966,81.66454620355395
34.71033455958526,-31.180845176799657,-15.818546203553957
64.86418297874107,-13.988016927747971,32.923
95.01803139789689,3.2048113213037155,81.66454620355395
64.86015158084419,20.49717175094831,-15.818546203553957
95.01400000000001,37.69,32.923
125.16784841915582,54.882828249051684,81.66454620355395
95.00996860210313,72.17518867869629,-15.818546203553957
125.16381702125894,89.36801692774796,32.923
155.31766544041474,106.56084517679966,81.66454620355395
-50.08266544041473,-11.849845176799654,-32.76254620355396
-19.928817021258922,5.342983072252032,15.979
10.225031397896885,22.53581132130372,64.72054620355397
-19.932848419155803,39.828171750948314,-32.76254620355396
10.221000000000004,57.021,15.979
40.37484841915581,74.21382824905169,64.72054620355397
10.216968602103123,91.50618867869628,-32.76254620355396
40.37081702125893,108.69901692774798,15.979
70.52466544041475,125.89184517679965,64.72054620355397
9.61133455958527,-11.849845176799654,-32.76254620355396
39.76518297874108,5.342983072252032,15.979
69.91903139789689,22.53581132130372,64.72054620355397
39.7611515808442,39.828171750948314,-32.76254620355396
100.06884841915581,74.21382824905169,64.72054620355397
69.91096860210313,91.50618867869628,-32.76254620355396
100.06481702125893,108.69901692774798,15.979
130.21866544041475,125.89184517679965,64.72054620355397
69.30533455958528,-11.849845176799654,-32.76254620355396
99.45918297874108,5.342983072252032,15.979
129.6130313978969,22.53581132130372,64.72054620355397
99.4551515808442,39.828171750948314,-32.76254620355396
129.609,57.021,15.979
159.76284841915583,74.21382824905169,64.72054620355397
129.60496860210313,91.50618867869628,-32.76254620355396
159.75881702125895,108.69901692774798,15.979
189.91266544041474,125.89184517679965,64.72054620355397
-29.796665440414746,-28.241845176799657,-33.67154620355396
0.35718297874106497,-11.04901692774797,15.07
30.511031397896872,6.1438113213037155,63.81154620355396
0.35315158084418385,23.43617175094831,-33.67154620355396
30.50699999999999,40.629,15.07
60.6608484191558,57.821828249051684,63.81154620355396
30.50296860210311,75.11418867869628,-33.67154620355396
60.65681702125892,92.30701692774797,15.07
90.81066544041472,109.49984517679965,63.81154620355396
29.897334559585257,-28.241845176799657,-33.67154620355396
60.05118297874107,-11.04901692774797,15.07
90.20503139789687,6.1438113213037155,63.81154620355396
60.04715158084419,23.43617175094831,-33.67154620355396
120.3548484191558,57.821828249051684,63.81154620355396
90.19696860210311,75.11418867869628,-33.67154620355396
120.35081702125892,92.30701692774797,15.07
150.50466544041473,109.49984517679965,63.81154620355396
89.59133455958526,-28.241845176799657,-33.67154620355396
119.74518297874107,-11.04901692774797,15.07
149.89903139789686,6.1438113213037155,63.81154620355396
119.74115158084419,23.43617175094831,-33.67154620355396
149.89499999999998,40.629,15.07
180.0488484191558,57.821828249051684,63.81154620355396
149.8909686021031,75.11418867869628,-33.67154620355396
180.04481702125892,92.30701692774797,15.07
210.19866544041474,109.49984517679965,63.81154620355396
-60.29966544041474,-40.705845176799656,-15.586546203553958
-30.14581702125893,-23.51301692774797,33.155
0.008031397896871795,-6.320188678696283,81.89654620355395
-30.14984841915581,10.972171750948313,-15.586546203553958
0.003999999999997783,28.165,33.155
30.157848419155798,45.357828249051686,81.89654620355395
-3.1397896876228515e-05,62.65018867869628,-15.586546203553958
30.15381702125893,79.84301692774797,33.155
60.30766544041472,97.03584517679965,81.89654620355395
-0.6056654404147359,-40.705845176799656,-15.586546203553958
29.54818297874107,-23.51301692774797,33.155
59.702031397896874,-6.320188678696283,81.89654620355395
29.544151580844193,10.972171750948313,-15.586546203553958
89.8518484191558,45.357828249051686,81.89654620355395
59.693968602103126,62.65018867869628,-15.586546203553958
89.84781702125893,79.84301692774797,33.155
120.00166544041473,97.03584517679965,81.89654620355395
59.08833455958526,-40.705845176799656,-15.586546203553958
89.24218297874107,-23.51301692774797,33.155
119.39603139789688,-6.320188678696283,81.89654620355395
89.2381515808442,10.972171750948313,-15.586546203553958
119.392,28.165,33.155
149.5458484191558,45.357828249051686,81.89654620355395
119.38796860210313,62.65018867869628,-15.586546203553958
149.54181702125894,79.84301692774797,33.155
179.69566544041473,97.03584517679965,81.89654620355395
-64.28966544041474,-60.38984517679965,-24.464546203553958
-34.13581702125893,-43.19701692774797,24.277
-3.981968602103123,-26.00418867869628,73.01854620355397
-34.13984841915581,-8.711828249051687,-24.464546203553958
-3.986000000000004,8.481,24.277
26.167848419155803,25.673828249051688,73.01854620355397
-3.9900313978968853,42.966188678696284,-24.464546203553958
26.16381702125892,60.15901692774797,24.277
56.31766544041473,77.35184517679966,73.01854620355397
-4.595665440414738,-60.38984517679965,-24.464546203553958
25.55818297874107,-43.19701692774797,24.277
55.71203139789688,-26.00418867869628,73.01854620355397
25.55415158084419,-8.711828249051687,-24.464546203553958
85.8618484191558,25.673828249051688,73.01854620355397
55.70396860210312,42.966188678696284,-24.464546203553958
85.85781702125892,60.15901692774797,24.277
116.01166544041473,77.35184517679966,73.01854620355397
55.09833455958527,-60.38984517679965,-24.464546203553958
85.25218297874108,-43.19701692774797,24.277
115.40603139789688,-26.00418867869628,73.01854620355397
85.2481515808442,-8.711828249051687,-24.464546203553958
115.402,8.481,24.277
145.5558484191558,25.673828249051688,73.01854620355397
115.39796860210312,42.966188678696284,-24.464546203553958
145.55181702125893,60.15901692774797,24.277
175.70566544041475,77.35184517679966,73.01854620355397
-85.37766544041475,-43.178845176799655,-48.84154620355396
-55.22381702125894,-25.98601692774797,-0.1
-25.06996860210313,-8.793188678696282,48.64154620355396
-55.22784841915581,8.499171750948314,-48.84154620355396
-25.074000000000005,25.692,-0.1
5.079848419155795,42.88482824905169,48.64154620355396
-25.07803139789688,60.17718867869628,-48.84154620355396
5.075817021258928,77.37001692774797,-0.1
35.22966544041472,94.56284517679966,48.64154620355396
-25.68366544041474,-43.178845176799655,-48.84154620355396
4.470182978741068,-25.98601692774797,-0.1
34.62403139789687,-8.793188678696282,48.64154620355396
4.4661515808441905,8.499171750948314,-48.84154620355396
64.7738484191558,42.88482824905169,48.64154620355396
34.61596860210312,60.17718867869628,-48.84154620355396
64.76981702125893,77.37001692774797,-0.1
94.92366544041472,94.56284517679966,48.64154620355396
34.01033455958526,-43.178845176799655,-48.84154620355396
64.16418297874107,-25.98601692774797,-0.1
94.31803139789687,-8.793188678696282,48.64154620355396
64.1601515808442,8.499171750948314,-48.84154620355396
94.314,25.692,-0.1
124.4678484191558,42.88482824905169,48.64154620355396
94.30996860210313,60.17718867869628,-48.84154620355396
124.46381702125893,77.37001692774797,-0.1
154.61766544041473,94.56284517679966,48.64154620355396
-80.49266544041474,-57.526845176799654,-15.318546203553957
-50.33881702125893,-40.33401692774797,33.423
-20.184968602103112,-23.14118867869628,82.16454620355395
-50.34284841915581,-5.848828249051687,-15.318546203553957
-20.189,11.344,33.423
9.964848419155814,28.536828249051688,82.16454620355395
-20.193031397896874,45.82918867869628,-15.318546203553957
9.960817021258933,63.02201692774797,33.423
40.11466544041474,80.21484517679966,82.16454620355395
-20.798665440414734,-57.526845176799654,-15.318546203553957
9.355182978741073,-40.33401692774797,33.423
39.50903139789689,-23.14118867869628,82.16454620355395
9.351151580844196,-5.848828249051687,-15.318546203553957
69.65884841915582,28.536828249051688,82.16454620355395
39.50096860210313,45.82918867869628,-15.318546203553957
69.65481702125894,63.02201692774797,33.423
99.80866544041474,80.21484517679966,82.16454620355395
38.895334559585265,-57.526845176799654,-15.318546203553957
69.04918297874107,-40.33401692774797,33.423
99.2030313978969,-23.14118867869628,82.16454620355395
69.04515158084419,-5.848828249051687,-15.318546203553957
99.19900000000001,11.344,33.423
129.3528484191558,28.536828249051688,82.16454620355395
99.19496860210313,45.82918867869628,-15.318546203553957
129.34881702125892,63.02201692774797,33.423
159.50266544041475,80.21484517679966,82.16454620355395
-54.64566544041473,-37.364845176799655,-33.05254620355396
-24.491817021258925,-20.17201692774797,15.689
5.662031397896882,-2.979188678696282,64.43054620355396
-24.495848419155806,14.313171750948314,-33.05254620355396
5.658000000000001,31.506,15.689
35.81184841915581,48.69882824905169,64.43054620355396
5.65396860210312,65.99118867869629,-33.05254620355396
35.80781702125893,83.18401692774796,15.689
65.96166544041473,100.37684517679966,64.43054620355396
5.0483345595852676,-37.364845176799655,-33.05254620355396
35.20218297874108,-20.17201692774797,15.689
65.35603139789688,-2.979188678696282,64.43054620355396
35.1981515808442,14.313171750948314,-33.05254620355396
95.50584841915581,48.69882824905169,64.43054620355396
65.34796860210312,65.99118867869629,-33.05254620355396
95.50181702125893,83.18401692774796,15.689
125.65566544041474,100.37684517679966,64.43054620355396
64.74233455958527,-37.364845176799655,-33.05254620355396
94.89618297874108,-20.17201692774797,15.689
125.05003139789689,-2.979188678696282,64.43054620355396
94.8921515808442,14.313171750948314,-33.05254620355396
125.046,31.506,15.689
155.1998484191558,48.69882824905169,64.43054620355396
125.04196860210313,65.99118867869629,-33.05254620355396
155.19581702125893,83.18401692774796,15.689
185.34966544041475,100.37684517679966,64.43054620355396
-69.56066544041474,-33.52484517679966,-48.99054620355396
-39.40681702125893,-16.332016927747972,-0.249
-9.252968602103124,0.8608113213037143,48.49254620355396
-39.41084841915581,18.15317175094831,-48.99054620355396
-9.257000000000005,35.346,-0.249
20.896848419155802,52.53882824905168,48.49254620355396
-9.261031397896886,69.83118867869628,-48.99054620355396
20.89281702125892,87.02401692774797,-0.249
51.04666544041473,104.21684517679965,48.49254620355396
-9.866665440414739,-33.52484517679966,-48.99054620355396
20.28718297874107,-16.332016927747972,-0.249
50.44103139789688,0.8608113213037143,48.49254620355396
20.28315158084419,18.15317175094831,-48.99054620355396
80.5908484191558,52.53882824905168,48.49254620355396
50.43296860210312,69.83118867869628,-48.99054620355396
80.58681702125892,87.02401692774797,-0.249
110.74066544041473,104.21684517679965,48.49254620355396
49.82733455958527,-33.52484517679966,-48.99054620355396
79.98118297874107,-16.332016927747972,-0.249
110.13503139789688,0.8608113213037143,48.49254620355396
79.9771515808442,18.15317175094831,-48.99054620355396
110.131,35.346,-0.249
140.28484841915582,52.53882824905168,48.49254620355396
110.12696860210312,69.83118867869628,-48.99054620355396
140.28081702125894,87.02401692774797,-0.249
170.43466544041473,104.21684517679965,48.49254620355396
-35.96066544041473,-44.17684517679966,-24.30954620355396
-5.806817021258922,-26.98401692774797,24.432
24.347031397896885,-9.79118867869628,73.17354620355395
-5.810848419155803,7.501171750948313,-24.30954620355396
24.343000000000004,24.694,24.432
54.49684841915581,41.88682824905169,73.17354620355395
24.338968602103122,59.17918867869628,-24.30954620355396
54.49281702125893,76.37201692774796,24.432
84.64666544041474,93.56484517679965,73.17354620355395
23.73333455958527,-44.17684517679966,-24.30954620355396
53.88718297874108,-26.98401692774797,24.432
84.04103139789689,-9.79118867869628,73.17354620355395
53.8831515808442,7.501171750948313,-24.30954620355396
114.19084841915581,41.88682824905169,73.17354620355395
84.03296860210313,59.17918867869628,-24.30954620355396
114.18681702125893,76.37201692774796,24.432
144.34066544041474,93.56484517679965,73.17354620355395
83.42733455958528,-44.17684517679966,-24.30954620355396
113.58118297874108,-26.98401692774797,24.432
143.73503139789688,-9.79118867869628,73.17354620355395
113.5771515808442,7.501171750948313,-24.30954620355396
143.731,24.694,24.432
173.88484841915582,41.88682824905169,73.17354620355395
143.7269686021031,59.17918867869628,-24.30954620355396
173.88081702125893,76.37201692774796,24.432
204.03466544041476,93.56484517679965,73.17354620355395
-80.41466544041474,-33.64984517679966,-48.64754620355396
-50.26081702125893,-16.457016927747972,0.094
-20.106968602103123,0.7358113213037143,48.83554620355396
-50.26484841915581,18.02817175094831,-48.64754620355396
-20.111000000000004,35.221,0.094
10.042848419155803,52.41382824905168,48.83554620355396
-20.115031397896885,69.70618867869628,-48.64754620355396
10.038817021258922,86.89901692774797,0.094
40.19266544041473,104.09184517679965,48.83554620355396
-20.720665440414738,-33.64984517679966,-48.64754620355396
9.433182978741069,-16.457016927747972,0.094
39.58703139789688,0.7358113213037143,48.83554620355396
9.429151580844191,18.02817175094831,-48.64754620355396
69.7368484191558,52.41382824905168,48.83554620355396
39.57896860210312,69.70618867869628,-48.64754620355396
69.73281702125892,86.89901692774797,0.094
99.88666544041473,104.09184517679965,48.83554620355396
38.97333455958527,-33.64984517679966,-48.64754620355396
69.12718297874108,-16.457016927747972,0.094
99.28103139789688,0.7358113213037143,48.83554620355396
69.1231515808442,18.02817175094831,-48.64754620355396
99.277,35.221,0.094
129.4308484191558,52.41382824905168,48.83554620355396
99.27296860210312,69.70618867869628,-48.64754620355396
129.42681702125893,86.89901692774797,0.094
159.58066544041475,104.09184517679965,48.83554620355396
-54.65766544041473,-43.690845176799655,-24.22054620355396
-24.503817021258925,-26.49801692774797,24.521
5.650031397896882,-9.305188678696283,73.26254620355397
-24.507848419155806,7.987171750948313,-24.22054620355396
5.646000000000001,25.18,24.521
35.79984841915581,42.372828249051686,73.26254620355397
5.64196860210312,59.66518867869628,-24.22054620355396
35.79581702125893,76.85801692774797,24.521
65.94966544041473,94.05084517679965,73.26254620355397
5.036334559585267,-43.690845176799655,-24.22054620355396
35.19018297874108,-26.49801692774797,24.521
65.34403139789688,-9.305188678696283,73.26254620355397
35.1861515808442,7.987171750948313,-24.22054620355396
95.49384841915581,42.372828249051686,73.26254620355397
65.33596860210312,59.66518867869628,-24.22054620355396
95.48981702125893,76.85801692774797,24.521
125.64366544041474,94.05084517679965,73.26254620355397
64.73033455958527,-43.690845176799655,-24.22054620355396
94.88418297874108,-26.49801692774797,24.521
125.03803139789689,-9.305188678696283,73.26254620355397
94.8801515808442,7.987171750948313,-24.22054620355396
125.034,25.18,24.521
155.1878484191558,42.372828249051686,73.26254620355397
125.02996860210312,59.66518867869628,-24.22054620355396
155.18381702125893,76.85801692774797,24.521
185.33766544041475,94.05084517679965,73.26254620355397
-35.333665440414734,-37.279845176799654,-32.63654620355396
-5.179817021258927,-20.087016927747968,16.105
24.97403139789688,-2.894188678696281,64.84654620355396
-5.183848419155808,14.398171750948315,-32.63654620355396
24.97,31.591,16.105
55.123848419155806,48.78382824905169,64.84654620355396
24.965968602103118,66.07618867869628,-32.63654620355396
55.119817021258925,83.26901692774797,16.105
85.27366544041475,100.46184517679966,64.84654620355396
24.360334559585265,-37.279845176799654,-32.63654620355396
54.514182978741076,-20.087016927747968,16.105
84.66803139789688,-2.894188678696281,64.84654620355396
54.510151580844195,14.398171750948315,-32.63654620355396
114.81784841915581,48.78382824905169,64.84654620355396
84.65996860210312,66.07618867869628,-32.63654620355396
114.81381702125893,83.26901692774797,16.105
144.96766544041475,100.46184517679966,64.84654620355396
84.05433455958527,-37.279845176799654,-32.63654620355396
114.20818297874108,-20.087016927747968,16.105
144.36203139789689,-2.894188678696281,64.84654620355396
114.2041515808442,14.398171750948315,-32.63654620355396
144.358,31.591,16.105
174.5118484191558,48.78382824905169,64.84654620355396
144.35396860210312,66.07618867869628,-32.63654620355396
174.50781702125892,83.26901692774797,16.105
204.66166544041477,100.46184517679966,64.84654620355396
-69.75566544041475,-57.36984517679966,-15.751546203553957
-39.60181702125894,-40.17701692774797,32.99
-9.447968602103117,-22.984188678696285,81.73154620355396
-39.60584841915581,-5.691828249051687,-15.751546203553957
-9.452000000000005,11.501,32.99
20.70184841915581,28.693828249051684,81.73154620355396
-9.45603139789688,45.98618867869628,-15.751546203553957
20.697817021258928,63.179016927747966,32.99
50.851665440414735,80.37184517679965,81.73154620355396
-10.061665440414739,-57.36984517679966,-15.751546203553957
20.092182978741068,-40.17701692774797,32.99
50.246031397896886,-22.984188678696285,81.73154620355396
20.08815158084419,-5.691828249051687,-15.751546203553957
80.39584841915581,28.693828249051684,81.73154620355396
50.23796860210312,45.98618867869628,-15.751546203553957
80.39181702125893,63.179016927747966,32.99
110.54566544041474,80.37184517679965,81.73154620355396
49.63233455958526,-57.36984517679966,-15.751546203553957
79.78618297874107,-40.17701692774797,32.99
109.94003139789689,-22.984188678696285,81.73154620355396
79.78215158084419,-5.691828249051687,-15.751546203553957
109.936,11.501,32.99
140.08984841915583,28.693828249051684,81.73154620355396
109.93196860210313,45.98618867869628,-15.751546203553957
140.08581702125895,63.179016927747966,32.99
170.23966544041474,80.37184517679965,81.73154620355396
-30.285665440414736,-40.48784517679965,-15.784546203553958
-0.13181702125892514,-23.29501692774797,32.957
30.022031397896882,-6.102188678696287,81.69854620355396
-0.13584841915580625,11.190171750948313,-15.784546203553958
30.018,28.383,32.957
60.17184841915581,45.57582824905168,81.69854620355396
30.01396860210312,62.868188678696285,-15.784546203553958
60.16781702125893,80.06101692774797,32.957
90.32166544041475,97.25384517679964,81.69854620355396
29.408334559585267,-40.48784517679965,-15.784546203553958
59.56218297874108,-23.29501692774797,32.957
89.71603139789688,-6.102188678696287,81.69854620355396
59.558151580844196,11.190171750948313,-15.784546203553958
119.86584841915581,45.57582824905168,81.69854620355396
89.70796860210312,62.868188678696285,-15.784546203553958
119.86181702125893,80.06101692774797,32.957
150.01566544041475,97.25384517679964,81.69854620355396
89.10233455958527,-40.48784517679965,-15.784546203553958
119.25618297874108,-23.29501692774797,32.957
149.4100313978969,-6.102188678696287,81.69854620355396
119.2521515808442,11.190171750948313,-15.784546203553958
149.406,28.383,32.957
179.5598484191558,45.57582824905168,81.69854620355396
149.40196860210312,62.868188678696285,-15.784546203553958
179.55581702125892,80.06101692774797,32.957
209.70966544041477,97.25384517679964,81.69854620355396
-60.125665440414735,-28.225845176799652,-33.102546203553956
-29.971817021258932,-11.033016927747965,15.639
0.1820313978968784,6.159811321303721,64.38054620355396
-29.97584841915581,23.452171750948317,-33.102546203553956
0.17799999999999727,40.645,15.639
30.331848419155804,57.83782824905169,64.38054620355396
0.17396860210311615,75.13018867869629,-33.102546203553956
30.327817021258923,92.32301692774797,15.639
60.48166544041473,109.51584517679966,64.38054620355396
-0.4316654404147364,-28.225845176799652,-33.102546203553956
29.72218297874107,-11.033016927747965,15.639
59.87603139789688,6.159811321303721,64.38054620355396
29.718151580844193,23.452171750948317,-33.102546203553956
90.0258484191558,57.83782824905169,64.38054620355396
59.86796860210312,75.13018867869629,-33.102546203553956
90.02181702125893,92.32301692774797,15.639
120.17566544041473,109.51584517679966,64.38054620355396
59.26233455958527,-28.225845176799652,-33.102546203553956
89.41618297874108,-11.033016927747965,15.639
119.57003139789688,6.159811321303721,64.38054620355396
89.4121515808442,23.452171750948317,-33.102546203553956
119.566,40.645,15.639
149.71984841915582,57.83782824905169,64.38054620355396
119.56196860210312,75.13018867869629,-33.102546203553956
149.71581702125894,92.32301692774797,15.639
179.86966544041474,109.51584517679966,64.38054620355396
-85.86066544041473,-60.275845176799656,-24.25254620355396
-55.70681702125893,-43.08301692774797,24.489
-25.55296860210312,-25.890188678696283,73.23054620355396
-55.71084841915581,-8.597828249051686,-24.25254620355396
-25.557000000000002,8.595,24.489
4.596848419155805,25.787828249051685,73.23054620355396
-25.561031397896883,43.08018867869628,-24.25254620355396
4.592817021258924,60.27301692774797,24.489
34.74666544041473,77.46584517679966,73.23054620355396
-26.166665440414736,-60.275845176799656,-24.25254620355396
3.987182978741071,-43.08301692774797,24.489
34.14103139789688,-25.890188678696283,73.23054620355396
3.9831515808441935,-8.597828249051686,-24.25254620355396
64.29084841915581,25.787828249051685,73.23054620355396
34.13296860210312,43.08018867869628,-24.25254620355396
64.28681702125893,60.27301692774797,24.489
94.44066544041473,77.46584517679966,73.23054620355396
33.52733455958527,-60.275845176799656,-24.25254620355396
63.68118297874108,-43.08301692774797,24.489
93.83503139789688,-25.890188678696283,73.23054620355396
63.677151580844196,-8.597828249051686,-24.25254620355396
93.831,8.595,24.489
123.98484841915581,25.787828249051685,73.23054620355396
93.82696860210312,43.08018867869628,-24.25254620355396
123.98081702125893,60.27301692774797,24.489
154.13466544041472,77.46584517679966,73.23054620355396
-64.23066544041474,-42.93284517679966,-48.60754620355396
-34.07681702125893,-25.74001692774797,0.134
-3.9229686021031114,-8.54718867869628,48.87554620355396
-34.08084841915581,8.745171750948312,-48.60754620355396
-3.9269999999999996,25.938,0.134
26.226848419155814,43.13082824905169,48.87554620355396
-3.9310313978968736,60.42318867869628,-48.60754620355396
26.222817021258933,77.61601692774796,0.134
56.37666544041474,94.80884517679965,48.87554620355396
-4.536665440414733,-42.93284517679966,-48.60754620355396
25.617182978741074,-25.74001692774797,0.134
55.77103139789689,-8.54718867869628,48.87554620355396
25.613151580844196,8.745171750948312,-48.60754620355396
85.92084841915582,43.13082824905169,48.87554620355396
55.76296860210313,60.42318867869628,-48.60754620355396
85.91681702125894,77.61601692774796,0.134
116.07066544041474,94.80884517679965,48.87554620355396
55.157334559585266,-42.93284517679966,-48.60754620355396
85.31118297874107,-25.74001692774797,0.134
115.4650313978969,-8.54718867869628,48.87554620355396
85.30715158084419,8.745171750948312,-48.60754620355396
115.46100000000001,25.938,0.134
145.6148484191558,43.13082824905169,48.87554620355396
115.45696860210313,60.42318867869628,-48.60754620355396
145.61081702125892,77.61601692774796,0.134
175.76466544041475,94.80884517679965,48.87554620355396
-39.39466544041474,-11.536845176799652,-33.46154620355396
-9.240817021258934,5.655983072252035,15.28
20.913031397896873,22.84881132130372,64.02154620355395
-9.244848419155815,40.14117175094832,-33.46154620355396
20.908999999999992,57.334,15.28
51.0628484191558,74.52682824905169,64.02154620355395
20.90496860210311,91.81918867869629,-33.46154620355396
51.05881702125892,109.01201692774796,15.28
81.21266544041474,126.20484517679967,64.02154620355395
20.299334559585258,-11.536845176799652,-33.46154620355396
50.45318297874107,5.655983072252035,15.28
80.60703139789688,22.84881132130372,64.02154620355395
50.44915158084419,40.14117175094832,-33.46154620355396
110.7568484191558,74.52682824905169,64.02154620355395
80.59896860210311,91.81918867869629,-33.46154620355396
110.75281702125892,109.01201692774796,15.28
140.90666544041474,126.20484517679967,64.02154620355395
79.99333455958526,-11.536845176799652,-33.46154620355396
110.14718297874107,5.655983072252035,15.28
140.30103139789688,22.84881132130372,64.02154620355395
110.14315158084419,40.14117175094832,-33.46154620355396
140.297,57.334,15.28
170.45084841915582,74.52682824905169,64.02154620355395
140.29296860210312,91.81918867869629,-33.46154620355396
170.44681702125894,109.01201692774796,15.28
200.60066544041473,126.20484517679967,64.02154620355395
-65.29966544041474,-31.265845176799658,-15.70754620355396
-35.145817021258935,-14.073016927747972,33.034
-4.991968602103128,3.1198113213037146,81.77554620355396
-35.14984841915581,20.41217175094831,-15.70754620355396
-4.996000000000002,37.605,33.034
25.157848419155798,54.79782824905168,81.77554620355396
-5.000031397896876,72.09018867869628,-15.70754620355396
25.15381702125893,89.28301692774797,33.034
55.30766544041472,106.47584517679965,81.77554620355396
-5.605665440414736,-31.265845176799658,-15.70754620355396
24.54818297874107,-14.073016927747972,33.034
54.702031397896874,3.1198113213037146,81.77554620355396
24.544151580844193,20.41217175094831,-15.70754620355396
84.8518484191558,54.79782824905168,81.77554620355396
54.693968602103126,72.09018867869628,-15.70754620355396
84.84781702125893,89.28301692774797,33.034
115.00166544041473,106.47584517679965,81.77554620355396
54.08833455958526,-31.265845176799658,-15.70754620355396
84.24218297874107,-14.073016927747972,33.034
114.39603139789688,3.1198113213037146,81.77554620355396
84.2381515808442,20.41217175094831,-15.70754620355396
114.392,37.605,33.034
144.5458484191558,54.79782824905168,81.77554620355396
114.38796860210313,72.09018867869628,-15.70754620355396
144.54181702125894,89.28301692774797,33.034
174.69566544041473,106.47584517679965,81.77554620355396
-80.43566544041474,-52.257845176799655,-48.87554620355396
-50.28181702125893,-35.06501692774797,-0.134
-20.127968602103124,-17.872188678696283,48.60754620355396
-50.28584841915581,-0.5798282490516868,-48.87554620355396
-20.132000000000005,16.613,-0.134
10.021848419155802,33.805828249051686,48.60754620355396
-20.136031397896886,51.09818867869628,-48.87554620355396
10.01781702125892,68.29101692774796,-0.134
40.17166544041473,85.48384517679966,48.60754620355396
-20.74166544041474,-52.257845176799655,-48.87554620355396
9.412182978741068,-35.06501692774797,-0.134
39.56603139789688,-17.872188678696283,48.60754620355396
9.40815158084419,-0.5798282490516868,-48.87554620355396
69.7158484191558,33.805828249051686,48.60754620355396
39.55796860210312,51.09818867869628,-48.87554620355396
69.71181702125892,68.29101692774796,-0.134
99.86566544041473,85.48384517679966,48.60754620355396
38.95233455958527,-52.257845176799655,-48.87554620355396
69.10618297874107,-35.06501692774797,-0.134
99.26003139789688,-17.872188678696283,48.60754620355396
69.1021515808442,-0.5798282490516868,-48.87554620355396
99.256,16.613,-0.134
129.40984841915582,33.805828249051686,48.60754620355396
99.25196860210312,51.09818867869628,-48.87554620355396
129.40581702125894,68.29101692774796,-0.134
159.55966544041473,85.48384517679966,48.60754620355396
-84.55166544041474,-24.962845176799654,-24.44754620355396
-54.39781702125893,-7.770016927747967,24.294
-24.243968602103124,9.422811321303719,73.03554620355396
-54.40184841915581,26.715171750948315,-24.44754620355396
-24.248000000000005,43.908,24.294
5.905848419155802,61.10082824905169,73.03554620355396
-24.252031397896886,78.39318867869628,-24.44754620355396
5.901817021258921,95.58601692774798,24.294
36.05566544041473,112.77884517679965,73.03554620355396
-24.85766544041474,-24.962845176799654,-24.44754620355396
5.296182978741069,-7.770016927747967,24.294
35.45003139789688,9.422811321303719,73.03554620355396
5.292151580844191,26.715171750948315,-24.44754620355396
65.5998484191558,61.10082824905169,73.03554620355396
35.44196860210312,78.39318867869628,-24.44754620355396
65.59581702125892,95.58601692774798,24.294
95.74966544041473,112.77884517679965,73.03554620355396
34.83633455958527,-24.962845176799654,-24.44754620355396
64.99018297874107,-7.770016927747967,24.294
95.14403139789688,9.422811321303719,73.03554620355396
64.9861515808442,26.715171750948315,-24.44754620355396
95.14,43.908,24.294
125.29384841915581,61.10082824905169,73.03554620355396
95.13596860210312,78.39318867869628,-24.44754620355396
125.28981702125893,95.58601692774798,24.294
155.44366544041475,112.77884517679965,73.03554620355396
-89.89766544041474,-51.394845176799656,-43.53654620355396
-59.743817021258934,-34.20201692774797,5.205
-29.589968602103124,-17.009188678696283,53.94654620355396
-59.74784841915581,0.2831717509483127,-43.53654620355396
-29.594,17.476,5.205
0.5598484191558057,34.668828249051685,53.94654620355396
-29.59803139789688,51.96118867869628,-43.53654620355396
0.5558170212589317,69.15401692774796,5.205
30.70966544041474,86.34684517679966,53.94654620355396
-30.203665440414735,-51.394845176799656,-43.53654620355396
-0.04981702125892795,-34.20201692774797,5.205
30.10403139789688,-17.009188678696283,53.94654620355396
-0.053848419155805516,0.2831717509483127,-43.53654620355396
60.25384841915581,34.668828249051685,53.94654620355396
30.095968602103124,51.96118867869628,-43.53654620355396
60.249817021258934,69.15401692774796,5.205
90.40366544041474,86.34684517679966,53.94654620355396
29.490334559585268,-51.394845176799656,-43.53654620355396
59.64418297874107,-34.20201692774797,5.205
89.79803139789688,-17.009188678696283,53.94654620355396
59.6401515808442,0.2831717509483127,-43.53654620355396
89.79400000000001,17.476,5.205
119.9478484191558,34.668828249051685,53.94654620355396
89.78996860210313,51.96118867869628,-43.53654620355396
119.94381702125894,69.15401692774796,5.205
150.09766544041474,86.34684517679966,53.94654620355396
-69.31966544041474,-39.71384517679965,-9.962546203553956
-39.16581702125893,-22.52101692774797,38.779
-9.011968602103124,-5.328188678696286,87.52054620355396
-39.16984841915581,11.964171750948314,-9.962546203553956
-9.016000000000005,29.157,38.779
21.1378484191558,46.34982824905168,87.52054620355396
-9.020031397896886,63.642188678696286,-9.962546203553956
21.13381702125892,80.83501692774797,38.779
51.28766544041473,98.02784517679964,87.52054620355396
-9.625665440414739,-39.71384517679965,-9.962546203553956
20.528182978741068,-22.52101692774797,38.779
50.68203139789688,-5.328188678696286,87.52054620355396
20.52415158084419,11.964171750948314,-9.962546203553956
80.8318484191558,46.34982824905168,87.52054620355396
50.673968602103116,63.642188678696286,-9.962546203553956
80.82781702125892,80.83501692774797,38.779
110.98166544041473,98.02784517679964,87.52054620355396
50.06833455958527,-39.71384517679965,-9.962546203553956
80.22218297874107,-22.52101692774797,38.779
110.37603139789688,-5.328188678696286,87.52054620355396
80.2181515808442,11.964171750948314,-9.962546203553956
110.372,29.157,38.779
140.5258484191558,46.34982824905168,87.52054620355396
110.36796860210312,63.642188678696286,-9.962546203553956
140.52181702125893,80.83501692774797,38.779
170.67566544041472,98.02784517679964,87.52054620355396
-80.35666544041474,-22.33884517679966,-34.00654620355396
-50.20281702125894,-5.146016927747972,14.735
-20.048968602103116,12.046811321303714,63.47654620355396
-50.20684841915581,29.33917175094831,-34.00654620355396
-20.053000000000004,46.532,14.735
10.10084841915581,63.72482824905168,63.47654620355396
-20.05703139789688,81.01718867869627,-34.00654620355396
10.096817021258929,98.21001692774797,14.735
40.250665440414735,115.40284517679964,63.47654620355396
-20.662665440414738,-22.33884517679966,-34.00654620355396
9.491182978741069,-5.146016927747972,14.735
39.64503139789689,12.046811321303714,63.47654620355396
9.487151580844191,29.33917175094831,-34.00654620355396
69.79484841915581,63.72482824905168,63.47654620355396
39.636968602103124,81.01718867869627,-34.00654620355396
69.79081702125893,98.21001692774797,14.735
99.94466544041474,115.40284517679964,63.47654620355396
39.03133455958526,-22.33884517679966,-34.00654620355396
69.18518297874107,-5.146016927747972,14.735
99.33903139789689,12.046811321303714,63.47654620355396
69.18115158084419,29.33917175094831,-34.00654620355396
99.33500000000001,46.532,14.735
129.48884841915583,63.72482824905168,63.47654620355396
99.33096860210313,81.01718867869627,-34.00654620355396
129.48481702125895,98.21001692774797,14.735
159.63866544041474,115.40284517679964,63.47654620355396
-60.03666544041474,-57.794845176799654,-33.99554620355396
-29.882817021258933,-40.60201692774797,14.746
0.271031397896877,-23.40918867869628,63.48754620355396
-29.88684841915581,-6.116828249051686,-33.99554620355396
0.2669999999999959,11.076,14.746
30.420848419155803,28.268828249051687,63.48754620355396
0.2629686021031148,45.56118867869628,-33.99554620355396
30.41681702125892,62.75401692774797,14.746
60.57066544041473,79.94684517679966,63.48754620355396
-0.3426654404147378,-57.794845176799654,-33.99554620355396
29.81118297874107,-40.60201692774797,14.746
59.96503139789688,-23.40918867869628,63.48754620355396
29.80715158084419,-6.116828249051686,-33.99554620355396
90.1148484191558,28.268828249051687,63.48754620355396
59.95696860210312,45.56118867869628,-33.99554620355396
90.11081702125892,62.75401692774797,14.746
120.26466544041473,79.94684517679966,63.48754620355396
59.35133455958527,-57.794845176799654,-33.99554620355396
89.50518297874108,-40.60201692774797,14.746
119.65903139789688,-23.40918867869628,63.48754620355396
89.5011515808442,-6.116828249051686,-33.99554620355396
119.655,11.076,14.746
149.80884841915582,28.268828249051687,63.48754620355396
119.65096860210312,45.56118867869628,-33.99554620355396
149.80481702125894,62.75401692774797,14.746
179.95866544041473,79.94684517679966,63.48754620355396
-95.49566544041474,-48.312845176799655,-34.38054620355396
-65.34181702125893,-31.12001692774797,14.361
-35.187968602103126,-13.927188678696282,63.102546203553956
-65.34584841915581,3.3651717509483134,-34.38054620355396
-35.19200000000001,20.558,14.361
-5.0381515808442,37.750828249051686,63.102546203553956
-35.19603139789688,55.04318867869628,-34.38054620355396
-5.042182978741074,72.23601692774797,14.361
25.111665440414725,89.42884517679965,63.102546203553956
-35.80166544041474,-48.312845176799655,-34.38054620355396
-5.6478170212589305,-31.12001692774797,14.361
24.506031397896873,-13.927188678696282,63.102546203553956
-5.651848419155808,3.3651717509483134,-34.38054620355396
54.6558484191558,37.750828249051686,63.102546203553956
24.49796860210312,55.04318867869628,-34.38054620355396
54.65181702125893,72.23601692774797,14.361
84.80566544041473,89.42884517679965,63.102546203553956
23.892334559585265,-48.312845176799655,-34.38054620355396
54.04618297874107,-31.12001692774797,14.361
84.20003139789688,-13.927188678696282,63.102546203553956
54.04215158084419,3.3651717509483134,-34.38054620355396
84.196,20.558,14.361
114.3498484191558,37.750828249051686,63.102546203553956
84.19196860210312,55.04318867869628,-34.38054620355396
114.34581702125894,72.23601692774797,14.361
144.49966544041473,89.42884517679965,63.102546203553956
-54.43766544041473,-47.959845176799654,-34.38354620355396
-24.283817021258926,-30.767016927747967,14.358
5.870031397896881,-13.57418867869628,63.099546203553956
-24.287848419155807,3.718171750948315,-34.38354620355396
5.866,20.911,14.358
36.01984841915581,38.10382824905169,63.099546203553956
5.8619686021031185,55.396188678696284,-34.38354620355396
36.015817021258925,72.58901692774796,14.358
66.16966544041473,89.78184517679966,63.099546203553956
5.256334559585266,-47.959845176799654,-34.38354620355396
35.41018297874108,-30.767016927747967,14.358
65.56403139789688,-13.57418867869628,63.099546203553956
35.406151580844195,3.718171750948315,-34.38354620355396
95.71384841915581,38.10382824905169,63.099546203553956
65.55596860210312,55.396188678696284,-34.38354620355396
95.70981702125893,72.58901692774796,14.358
125.86366544041474,89.78184517679966,63.099546203553956
64.95033455958527,-47.959845176799654,-34.38354620355396
95.10418297874108,-30.767016927747967,14.358
125.25803139789689,-13.57418867869628,63.099546203553956
95.1001515808442,3.718171750948315,-34.38354620355396
125.254,20.911,14.358
155.4078484191558,38.10382824905169,63.099546203553956
125.24996860210312,55.396188678696284,-34.38354620355396
155.40381702125893,72.58901692774796,14.358
185.55766544041472,89.78184517679966,63.099546203553956
-74.93066544041474,-49.495845176799655,-10.32354620355396
-44.776817021258935,-32.30301692774797,38.418
-14.622968602103128,-15.110188678696282,87.15954620355396
-44.78084841915581,2.1821717509483136,-10.32354620355396
-14.627000000000002,19.375,38.418
15.526848419155797,36.567828249051686,87.15954620355396
-14.631031397896876,53.86018867869628,-10.32354620355396
15.52281702125893,71.05301692774796,38.418
45.67666544041472,88.24584517679966,87.15954620355396
-15.236665440414736,-49.495845176799655,-10.32354620355396
14.91718297874107,-32.30301692774797,38.418
45.071031397896874,-15.110188678696282,87.15954620355396
14.913151580844193,2.1821717509483136,-10.32354620355396
75.2208484191558,36.567828249051686,87.15954620355396
45.062968602103126,53.86018867869628,-10.32354620355396
75.21681702125893,71.05301692774796,38.418
105.37066544041473,88.24584517679966,87.15954620355396
44.45733455958526,-49.495845176799655,-10.32354620355396
74.61118297874107,-32.30301692774797,38.418
104.76503139789688,-15.110188678696282,87.15954620355396
74.6071515808442,2.1821717509483136,-10.32354620355396
104.761,19.375,38.418
134.91484841915582,36.567828249051686,87.15954620355396
104.75696860210313,53.86018867869628,-10.32354620355396
134.91081702125894,71.05301692774796,38.418
165.06466544041473,88.24584517679966,87.15954620355396
-75.00766544041474,-25.900845176799656,-43.21354620355396
-44.85381702125893,-8.70801692774797,5.528
-14.699968602103127,8.484811321303717,54.26954620355396
-44.85784841915581,25.777171750948312,-43.21354620355396
-14.704,42.97,5.528
15.4498484191558,60.162828249051685,54.26954620355396
-14.708031397896875,77.45518867869629,-43.21354620355396
15.445817021258932,94.64801692774796,5.528
45.599665440414725,111.84084517679966,54.26954620355396
-15.313665440414734,-25.900845176799656,-43.21354620355396
14.840182978741073,-8.70801692774797,5.528
44.994031397896876,8.484811321303717,54.26954620355396
14.836151580844195,25.777171750948312,-43.21354620355396
75.1438484191558,60.162828249051685,54.26954620355396
44.98596860210313,77.45518867869629,-43.21354620355396
75.13981702125893,94.64801692774796,5.528
105.29366544041473,111.84084517679966,54.26954620355396
44.380334559585265,-25.900845176799656,-43.21354620355396
74.53418297874107,-8.70801692774797,5.528
104.68803139789688,8.484811321303717,54.26954620355396
74.5301515808442,25.777171750948312,-43.21354620355396
104.684,42.97,5.528
134.83784841915582,60.162828249051685,54.26954620355396
104.67996860210313,77.45518867869629,-43.21354620355396
134.83381702125894,94.64801692774796,5.528
164.98766544041473,111.84084517679966,54.26954620355396
-89.47266544041474,-57.98784517679965,-34.34454620355396
-59.31881702125894,-40.795016927747966,14.397
-29.164968602103126,-23.602188678696283,63.13854620355396
-59.32284841915581,-6.309828249051687,-34.34454620355396
-29.169000000000004,10.883,14.397
0.9848484191558029,28.075828249051686,63.13854620355396
-29.17303139789688,45.368188678696285,-34.34454620355396
0.9808170212589289,62.56101692774797,14.397
31.134665440414736,79.75384517679966,63.13854620355396
-29.778665440414738,-57.98784517679965,-34.34454620355396
0.3751829787410692,-40.795016927747966,14.397
30.529031397896876,-23.602188678696283,63.13854620355396
0.37115158084419164,-6.309828249051687,-34.34454620355396
60.678848419155806,28.075828249051686,63.13854620355396
30.52096860210312,45.368188678696285,-34.34454620355396
60.67481702125893,62.56101692774797,14.397
90.82866544041474,79.75384517679966,63.13854620355396
29.915334559585265,-57.98784517679965,-34.34454620355396
60.06918297874107,-40.795016927747966,14.397
90.22303139789688,-23.602188678696283,63.13854620355396
60.065151580844194,-6.309828249051687,-34.34454620355396
90.219,10.883,14.397
120.37284841915582,28.075828249051686,63.13854620355396
90.21496860210313,45.368188678696285,-34.34454620355396
120.36881702125893,62.56101692774797,14.397
150.52266544041476,79.75384517679966,63.13854620355396
-69.40966544041474,-22.551845176799652,-33.93954620355396
-39.255817021258935,-5.359016927747966,14.802
-9.101968602103113,11.83381132130372,63.54354620355396
-39.25984841915581,29.126171750948316,-33.93954620355396
-9.106000000000002,46.319,14.802
21.047848419155812,63.51182824905169,63.54354620355396
-9.110031397896876,80.80418867869628,-33.93954620355396
21.04381702125893,97.99701692774798,14.802
51.19766544041474,115.18984517679965,63.54354620355396
-9.715665440414735,-22.551845176799652,-33.93954620355396
20.43818297874107,-5.359016927747966,14.802
50.59203139789689,11.83381132130372,63.54354620355396
20.434151580844194,29.126171750948316,-33.93954620355396
80.74184841915582,63.51182824905169,63.54354620355396
50.58396860210313,80.80418867869628,-33.93954620355396
80.73781702125893,97.99701692774798,14.802
110.89166544041474,115.18984517679965,63.54354620355396
49.978334559585264,-22.551845176799652,-33.93954620355396
80.13218297874107,-5.359016927747966,14.802
110.28603139789689,11.83381132130372,63.54354620355396
80.12815158084419,29.126171750948316,-33.93954620355396
110.28200000000001,46.319,14.802
140.43584841915583,63.51182824905169,63.54354620355396
110.27796860210313,80.80418867869628,-33.93954620355396
140.43181702125895,97.99701692774798,14.802
170.58566544041474,115.18984517679965,63.54354620355396
-60.11766544041474,-51.751845176799655,-43.459546203553955
-29.96381702125893,-34.55901692774797,5.282
0.19003139789688817,-17.366188678696282,54.02354620355396
-29.967848419155807,-0.07382824905168661,-43.459546203553955
0.18599999999999994,17.119,5.282
30.339848419155814,34.311828249051686,54.02354620355396
0.18196860210312593,51.60418867869628,-43.459546203553955
30.335817021258933,68.79701692774796,5.282
60.48966544041474,85.98984517679966,54.02354620355396
-0.42366544041473375,-51.751845176799655,-43.459546203553955
29.730182978741073,-34.55901692774797,5.282
59.88403139789689,-17.366188678696282,54.02354620355396
29.726151580844196,-0.07382824905168661,-43.459546203553955
90.03384841915582,34.311828249051686,54.02354620355396
59.87596860210313,51.60418867869628,-43.459546203553955
90.02981702125894,68.79701692774796,5.282
120.18366544041474,85.98984517679966,54.02354620355396
59.270334559585265,-51.751845176799655,-43.459546203553955
89.42418297874107,-34.55901692774797,5.282
119.5780313978969,-17.366188678696282,54.02354620355396
89.42015158084419,-0.07382824905168661,-43.459546203553955
119.57400000000001,17.119,5.282
149.7278484191558,34.311828249051686,54.02354620355396
119.56996860210313,51.60418867869628,-43.459546203553955
149.72381702125892,68.79701692774796,5.282
179.87766544041475,85.98984517679966,54.02354620355396
-80.62266544041474,-39.61084517679966,-10.144546203553958
-50.46881702125893,-22.418016927747967,38.597
-20.31496860210312,-5.225188678696277,87.33854620355396
-50.47284841915581,12.067171750948315,-10.144546203553958
-20.319000000000003,29.26,38.597
9.834848419155804,46.45282824905169,87.33854620355396
-20.323031397896884,63.74518867869628,-10.144546203553958
9.830817021258923,80.93801692774797,38.597
39.98466544041473,98.13084517679965,87.33854620355396
-20.928665440414736,-39.61084517679966,-10.144546203553958
9.22518297874107,-22.418016927747967,38.597
39.37903139789688,-5.225188678696277,87.33854620355396
9.221151580844193,12.067171750948315,-10.144546203553958
69.5288484191558,46.45282824905169,87.33854620355396
39.37096860210312,63.74518867869628,-10.144546203553958
69.52481702125893,80.93801692774797,38.597
99.67866544041473,98.13084517679965,87.33854620355396
38.76533455958527,-39.61084517679966,-10.144546203553958
68.91918297874108,-22.418016927747967,38.597
99.07303139789688,-5.225188678696277,87.33854620355396
68.9151515808442,12.067171750948315,-10.144546203553958
99.069,29.26,38.597
129.2228484191558,46.45282824905169,87.33854620355396
99.06496860210312,63.74518867869628,-10.144546203553958
129.21881702125893,80.93801692774797,38.597
159.37266544041472,98.13084517679965,87.33854620355396
-50.65466544041473,-29.052845176799657,-38.724546203553956
-20.500817021258925,-11.86001692774797,10.017
9.653031397896882,5.332811321303716,58.75854620355396
-20.504848419155806,22.62517175094831,-38.724546203553956
9.649000000000001,39.818,10.017
39.80284841915581,57.010828249051684,58.75854620355396
9.64496860210312,74.30318867869627,-38.724546203553956
39.79881702125893,91.49601692774797,10.017
69.95266544041475,108.68884517679965,58.75854620355396
9.039334559585267,-29.052845176799657,-38.724546203553956
39.19318297874108,-11.86001692774797,10.017
69.34703139789688,5.332811321303716,58.75854620355396
39.1891515808442,22.62517175094831,-38.724546203553956
99.49684841915581,57.010828249051684,58.75854620355396
69.33896860210312,74.30318867869627,-38.724546203553956
99.49281702125893,91.49601692774797,10.017
129.64666544041475,108.68884517679965,58.75854620355396
68.73333455958527,-29.052845176799657,-38.724546203553956
98.88718297874108,-11.86001692774797,10.017
129.0410313978969,5.332811321303716,58.75854620355396
98.8831515808442,22.62517175094831,-38.724546203553956
129.037,39.818,10.017
159.19084841915583,57.010828249051684,58.75854620355396
129.03296860210313,74.30318867869627,-38.724546203553956
159.18681702125895,91.49601692774797,10.017
189.34066544041474,108.68884517679965,58.75854620355396
-29.976665440414738,-17.178845176799655,-5.228546203553961
0.17718297874107236,0.013983072252031548,43.513
30.33103139789688,17.20681132130371,92.25454620355396
0.17315158084419124,34.499171750948314,-5.228546203553961
30.326999999999998,51.692,43.513
60.480848419155805,68.88482824905168,92.25454620355396
30.322968602103117,86.17718867869628,-5.228546203553961
60.476817021258924,103.37001692774797,43.513
90.63066544041475,120.56284517679964,92.25454620355396
29.717334559585264,-17.178845176799655,-5.228546203553961
59.871182978741075,0.013983072252031548,43.513
90.02503139789688,17.20681132130371,92.25454620355396
59.867151580844194,34.499171750948314,-5.228546203553961
120.17484841915581,68.88482824905168,92.25454620355396
90.01696860210312,86.17718867869628,-5.228546203553961
120.17081702125893,103.37001692774797,43.513
150.32466544041475,120.56284517679964,92.25454620355396
89.41133455958527,-17.178845176799655,-5.228546203553961
119.56518297874108,0.013983072252031548,43.513
149.71903139789688,17.20681132130371,92.25454620355396
119.5611515808442,34.499171750948314,-5.228546203553961
149.715,51.692,43.513
179.86884841915582,68.88482824905168,92.25454620355396
149.71096860210312,86.17718867869628,-5.228546203553961
179.86481702125894,103.37001692774797,43.513
210.01866544041474,120.56284517679964,92.25454620355396
-39.366665440414735,-46.208845176799656,-14.172546203553956
-9.212817021258928,-29.01601692774797,34.569
20.94103139789688,-11.823188678696283,83.31054620355397
-9.21684841915581,5.469171750948313,-14.172546203553956
20.936999999999998,22.662,34.569
51.090848419155805,39.854828249051685,83.31054620355397
20.932968602103116,57.14718867869628,-14.172546203553956
51.08681702125892,74.34001692774797,34.569
81.24066544041473,91.53284517679965,83.31054620355397
20.327334559585264,-46.208845176799656,-14.172546203553956
50.481182978741074,-29.01601692774797,34.569
80.63503139789688,-11.823188678696283,83.31054620355397
50.47715158084419,5.469171750948313,-14.172546203553956
110.78484841915581,39.854828249051685,83.31054620355397
80.62696860210312,57.14718867869628,-14.172546203553956
110.78081702125893,74.34001692774797,34.569
140.93466544041473,91.53284517679965,83.31054620355397
80.02133455958527,-46.208845176799656,-14.172546203553956
110.17518297874108,-29.01601692774797,34.569
140.32903139789687,-11.823188678696283,83.31054620355397
110.1711515808442,5.469171750948313,-14.172546203553956
140.325,22.662,34.569
170.4788484191558,39.854828249051685,83.31054620355397
140.3209686021031,57.14718867869628,-14.172546203553956
170.47481702125893,74.34001692774797,34.569
200.62866544041475,91.53284517679965,83.31054620355397
-59.82666544041474,-10.764845176799653,-14.200546203553962
-29.672817021258933,6.427983072252033,34.541
0.481031397896885,23.620811321303727,83.28254620355395
-29.67684841915581,40.913171750948315,-14.200546203553962
0.47699999999999676,58.106,34.541
30.63084841915581,75.2988282490517,83.28254620355395
0.47296860210312275,92.59118867869628,-14.200546203553962
30.62681702125893,109.78401692774797,34.541
60.78066544041474,126.97684517679966,83.28254620355395
-0.13266544041473693,-10.764845176799653,-14.200546203553962
30.02118297874107,6.427983072252033,34.541
60.17503139789689,23.620811321303727,83.28254620355395
30.017151580844192,40.913171750948315,-14.200546203553962
90.32484841915581,75.2988282490517,83.28254620355395
60.166968602103125,92.59118867869628,-14.200546203553962
90.32081702125893,109.78401692774797,34.541
120.47466544041474,126.97684517679966,83.28254620355395
59.56133455958526,-10.764845176799653,-14.200546203553962
89.71518297874107,6.427983072252033,34.541
119.86903139789689,23.620811321303727,83.28254620355395
89.71115158084419,40.913171750948315,-14.200546203553962
119.86500000000001,58.106,34.541
150.0188484191558,75.2988282490517,83.28254620355395
119.86096860210313,92.59118867869628,-14.200546203553962
150.01481702125892,109.78401692774797,34.541
180.16866544041474,126.97684517679966,83.28254620355395
-39.29366544041474,-28.968845176799654,-38.78554620355396
-9.139817021258935,-11.776016927747968,9.956
21.014031397896872,5.416811321303719,58.697546203553955
-9.143848419155816,22.709171750948315,-38.78554620355396
21.00999999999999,39.902,9.956
51.1638484191558,57.09482824905169,58.697546203553955
21.00596860210311,74.38718867869628,-38.78554620355396
51.15981702125892,91.58001692774798,9.956
81.31366544041474,108.77284517679965,58.697546203553955
20.400334559585257,-28.968845176799654,-38.78554620355396
50.55418297874107,-11.776016927747968,9.956
80.70803139789687,5.416811321303719,58.697546203553955
50.55015158084419,22.709171750948315,-38.78554620355396
110.8578484191558,57.09482824905169,58.697546203553955
80.69996860210311,74.38718867869628,-38.78554620355396
110.85381702125892,91.58001692774798,9.956
141.00766544041474,108.77284517679965,58.697546203553955
80.09433455958526,-28.968845176799654,-38.78554620355396
110.24818297874107,-11.776016927747968,9.956
140.40203139789688,5.416811321303719,58.697546203553955
110.24415158084419,22.709171750948315,-38.78554620355396
140.398,39.902,9.956
170.55184841915582,57.09482824905169,58.697546203553955
140.39396860210312,74.38718867869628,-38.78554620355396
170.54781702125894,91.58001692774798,9.956
200.70166544041473,108.77284517679965,58.697546203553955
-59.66366544041473,-17.701845176799658,-5.240546203553961
-29.50981702125893,-0.5090169277479717,43.501
0.6440313978968817,16.683811321303715,92.24254620355396
-29.513848419155806,33.97617175094831,-5.240546203553961
0.6400000000000006,51.169,43.501
30.793848419155808,68.36182824905168,92.24254620355396
0.6359686021031195,85.65418867869627,-5.240546203553961
30.789817021258926,102.84701692774797,43.501
60.94366544041473,120.03984517679964,92.24254620355396
0.030334559585266874,-17.701845176799658,-5.240546203553961
30.184182978741074,-0.5090169277479717,43.501
60.338031397896884,16.683811321303715,92.24254620355396
30.180151580844196,33.97617175094831,-5.240546203553961
90.48784841915581,68.36182824905168,92.24254620355396
60.32996860210312,85.65418867869627,-5.240546203553961
90.48381702125893,102.84701692774797,43.501
120.63766544041474,120.03984517679964,92.24254620355396
59.72433455958527,-17.701845176799658,-5.240546203553961
89.87818297874108,-0.5090169277479717,43.501
120.03203139789689,16.683811321303715,92.24254620355396
89.8741515808442,33.97617175094831,-5.240546203553961
120.028,51.169,43.501
150.1818484191558,68.36182824905168,92.24254620355396
120.02396860210312,85.65418867869627,-5.240546203553961
150.17781702125893,102.84701692774797,43.501
180.33166544041472,120.03984517679964,92.24254620355396
-30.098665440414738,-10.614845176799655,-14.511546203553962
0.055182978741072475,6.577983072252032,34.23
30.20903139789688,23.770811321303718,82.97154620355396
0.05115158084419136,41.063171750948314,-14.511546203553962
30.205,58.256,34.23
60.358848419155805,75.44882824905169,82.97154620355396
30.200968602103117,92.74118867869629,-14.511546203553962
60.354817021258924,109.93401692774796,34.23
90.50866544041473,127.12684517679966,82.97154620355396
29.595334559585265,-10.614845176799655,-14.511546203553962
59.749182978741075,6.577983072252032,34.23
89.90303139789688,23.770811321303718,82.97154620355396
59.745151580844194,41.063171750948314,-14.511546203553962
120.05284841915581,75.44882824905169,82.97154620355396
89.89496860210312,92.74118867869629,-14.511546203553962
120.04881702125893,109.93401692774796,34.23
150.20266544041473,127.12684517679966,82.97154620355396
89.28933455958527,-10.614845176799655,-14.511546203553962
119.44318297874108,6.577983072252032,34.23
149.5970313978969,23.770811321303718,82.97154620355396
119.4391515808442,41.063171750948314,-14.511546203553962
149.59300000000002,58.256,34.23
179.7468484191558,75.44882824905169,82.97154620355396
149.58896860210314,92.74118867869629,-14.511546203553962
179.74281702125893,109.93401692774796,34.23
209.89666544041472,127.12684517679966,82.97154620355396
-50.79066544041474,-46.190845176799655,-14.299546203553959
-20.636817021258935,-28.99801692774797,34.442
9.517031397896872,-11.805188678696283,83.18354620355396
-20.640848419155816,5.487171750948313,-14.299546203553959
9.512999999999991,22.68,34.442
39.6668484191558,39.872828249051686,83.18354620355396
9.50896860210311,57.16518867869628,-14.299546203553959
39.66281702125892,74.35801692774797,34.442
69.81666544041472,91.55084517679965,83.18354620355396
8.903334559585257,-46.190845176799655,-14.299546203553959
39.05718297874107,-28.99801692774797,34.442
69.21103139789687,-11.805188678696283,83.18354620355396
39.05315158084419,5.487171750948313,-14.299546203553959
99.3608484191558,39.872828249051686,83.18354620355396
69.20296860210311,57.16518867869628,-14.299546203553959
99.35681702125892,74.35801692774797,34.442
129.51066544041473,91.55084517679965,83.18354620355396
68.59733455958526,-46.190845176799655,-14.299546203553959
98.75118297874107,-28.99801692774797,34.442
128.9050313978969,-11.805188678696283,83.18354620355396
98.74715158084419,5.487171750948313,-14.299546203553959
128.901,22.68,34.442
159.0548484191558,39.872828249051686,83.18354620355396
128.89696860210313,57.16518867869628,-14.299546203553959
159.05081702125892,74.35801692774797,34.442
189.20466544041471,91.55084517679965,83.18354620355396
-45.22466544041474,-19.28084517679965,-38.75154620355396
-15.070817021258932,-2.088016927747965,9.99
15.083031397896875,15.104811321303721,58.73154620355396
-15.074848419155813,32.39717175094832,-38.75154620355396
15.078999999999994,49.59,9.99
45.2328484191558,66.78282824905169,58.73154620355396
15.074968602103112,84.07518867869629,-38.75154620355396
45.22881702125892,101.26801692774796,9.99
75.38266544041473,118.46084517679967,58.73154620355396
14.46933455958526,-19.28084517679965,-38.75154620355396
44.62318297874107,-2.088016927747965,9.99
74.77703139789688,15.104811321303721,58.73154620355396
44.61915158084419,32.39717175094832,-38.75154620355396
104.9268484191558,66.78282824905169,58.73154620355396
74.76896860210312,84.07518867869629,-38.75154620355396
104.92281702125892,101.26801692774796,9.99
135.07666544041473,118.46084517679967,58.73154620355396
74.16333455958527,-19.28084517679965,-38.75154620355396
104.31718297874107,-2.088016927747965,9.99
134.47103139789687,15.104811321303721,58.73154620355396
104.31315158084419,32.39717175094832,-38.75154620355396
134.46699999999998,49.59,9.99
164.6208484191558,66.78282824905169,58.73154620355396
134.4629686021031,84.07518867869629,-38.75154620355396
164.61681702125892,101.26801692774796,9.99
194.77066544041475,118.46084517679967,58.73154620355396
-45.092665440414734,-42.635845176799656,-5.2735462035539555
-14.938817021258927,-25.44301692774797,43.468
15.21503139789688,-8.250188678696283,92.20954620355397
-14.942848419155808,9.042171750948313,-5.2735462035539555
15.210999999999999,26.235,43.468
45.364848419155805,43.427828249051686,92.20954620355397
15.206968602103117,60.72018867869628,-5.2735462035539555
45.360817021258924,77.91301692774798,43.468
75.51466544041473,95.10584517679965,92.20954620355397
14.601334559585265,-42.635845176799656,-5.2735462035539555
44.755182978741075,-25.44301692774797,43.468
74.90903139789688,-8.250188678696283,92.20954620355397
44.751151580844194,9.042171750948313,-5.2735462035539555
105.05884841915581,43.427828249051686,92.20954620355397
74.90096860210312,60.72018867869628,-5.2735462035539555
105.05481702125893,77.91301692774798,43.468
135.20866544041473,95.10584517679965,92.20954620355397
74.29533455958527,-42.635845176799656,-5.2735462035539555
104.44918297874108,-25.44301692774797,43.468
134.60303139789687,-8.250188678696283,92.20954620355397
104.4451515808442,9.042171750948313,-5.2735462035539555
134.599,26.235,43.468
164.7528484191558,43.427828249051686,92.20954620355397
134.5949686021031,60.72018867869628,-5.2735462035539555
164.74881702125893,77.91301692774798,43.468
194.90266544041475,95.10584517679965,92.20954620355397
-65.35966544041474,-20.440845176799655,-14.656546203553958
-35.20581702125894,-3.248016927747969,34.085
-5.0519686021031305,13.94481132130371,82.82654620355396
-35.20984841915581,31.237171750948313,-14.656546203553958
-5.0560000000000045,48.43,34.085
25.097848419155795,65.62282824905168,82.82654620355396
-5.0600313978968785,82.91518867869628,-14.656546203553958
25.09381702125893,100.10801692774797,34.085
55.24766544041472,117.30084517679964,82.82654620355396
-5.665665440414738,-20.440845176799655,-14.656546203553958
24.48818297874107,-3.248016927747969,34.085
54.64203139789687,13.94481132130371,82.82654620355396
24.48415158084419,31.237171750948313,-14.656546203553958
84.7918484191558,65.62282824905168,82.82654620355396
54.633968602103124,82.91518867869628,-14.656546203553958
84.78781702125893,100.10801692774797,34.085
114.94166544041472,117.30084517679964,82.82654620355396
54.02833455958526,-20.440845176799655,-14.656546203553958
84.18218297874107,-3.248016927747969,34.085
114.33603139789687,13.94481132130371,82.82654620355396
84.1781515808442,31.237171750948313,-14.656546203553958
114.332,48.43,34.085
144.4858484191558,65.62282824905168,82.82654620355396
114.32796860210313,82.91518867869628,-14.656546203553958
144.48181702125893,100.10801692774797,34.085
174.63566544041473,117.30084517679964,82.82654620355396
-24.75266544041473,-20.543845176799657,-14.545546203553961
5.401182978741076,-3.3510169277479704,34.196
35.55503139789688,13.841811321303716,82.93754620355395
5.397151580844195,31.134171750948312,-14.545546203553961
35.551,48.327,34.196
65.70484841915581,65.51982824905168,82.93754620355395
35.54696860210312,82.81218867869629,-14.545546203553961
65.70081702125893,100.00501692774796,34.196
95.85466544041473,117.19784517679966,82.93754620355395
34.94133455958527,-20.543845176799657,-14.545546203553961
65.09518297874108,-3.3510169277479704,34.196
95.24903139789689,13.841811321303716,82.93754620355395
65.0911515808442,31.134171750948312,-14.545546203553961
125.39884841915581,65.51982824905168,82.93754620355395
95.24096860210312,82.81218867869629,-14.545546203553961
125.39481702125893,100.00501692774796,34.196
155.54866544041474,117.19784517679966,82.93754620355395
94.63533455958527,-20.543845176799657,-14.545546203553961
124.78918297874108,-3.3510169277479704,34.196
154.9430313978969,13.841811321303716,82.93754620355395
124.7851515808442,31.134171750948312,-14.545546203553961
154.93900000000002,48.327,34.196
185.0928484191558,65.51982824905168,82.93754620355395
154.93496860210314,82.81218867869629,-14.545546203553961
185.08881702125893,100.00501692774796,34.196
215.24266544041473,117.19784517679966,82.93754620355395
-74.95466544041474,-43.065845176799655,-1.0935462035539558
-44.800817021258936,-25.87301692774797,47.648
-14.64696860210313,-8.680188678696283,96.38954620355396
-44.80484841915581,8.612171750948313,-1.0935462035539558
-14.651000000000003,25.805,47.648
15.502848419155796,42.997828249051686,96.38954620355396
-14.655031397896877,60.29018867869628,-1.0935462035539558
15.49881702125893,77.48301692774797,47.648
45.65266544041472,94.67584517679965,96.38954620355396
-15.260665440414737,-43.065845176799655,-1.0935462035539558
14.89318297874107,-25.87301692774797,47.648
45.04703139789687,-8.680188678696283,96.38954620355396
14.889151580844192,8.612171750948313,-1.0935462035539558
75.1968484191558,42.997828249051686,96.38954620355396
45.038968602103125,60.29018867869628,-1.0935462035539558
75.19281702125893,77.48301692774797,47.648
105.34666544041472,94.67584517679965,96.38954620355396
44.43333455958526,-43.065845176799655,-1.0935462035539558
74.58718297874107,-25.87301692774797,47.648
104.74103139789688,-8.680188678696283,96.38954620355396
74.5831515808442,8.612171750948313,-1.0935462035539558
104.737,25.805,47.648
134.89084841915582,42.997828249051686,96.38954620355396
104.73296860210313,60.29018867869628,-1.0935462035539558
134.88681702125893,77.48301692774797,47.648
165.04066544041473,94.67584517679965,96.38954620355396
-98.87966544041474,-56.93284517679965,-40.55054620355396
-68.72581702125893,-39.740016927747966,8.191
-38.57196860210313,-22.54718867869628,56.93254620355396
-68.72984841915581,-5.254828249051686,-40.55054620355396
-38.57600000000001,11.938,8.191
-8.4221515808442,29.13082824905169,56.93254620355396
-38.58003139789688,46.423188678696285,-40.55054620355396
-8.426182978741075,63.61601692774797,8.191
21.727665440414725,80.80884517679965,56.93254620355396
-39.18566544041474,-56.93284517679965,-40.55054620355396
-9.03181702125893,-39.740016927747966,8.191
21.122031397896873,-22.54718867869628,56.93254620355396
-9.035848419155808,-5.254828249051686,-40.55054620355396
51.2718484191558,29.13082824905169,56.93254620355396
21.11396860210312,46.423188678696285,-40.55054620355396
51.26781702125893,63.61601692774797,8.191
81.42166544041473,80.80884517679965,56.93254620355396
20.508334559585265,-56.93284517679965,-40.55054620355396
50.66218297874107,-39.740016927747966,8.191
80.81603139789688,-22.54718867869628,56.93254620355396
50.65815158084419,-5.254828249051686,-40.55054620355396
80.812,11.938,8.191
110.9658484191558,29.13082824905169,56.93254620355396
80.80796860210313,46.423188678696285,-40.55054620355396
110.96181702125892,63.61601692774797,8.191
141.11566544041472,80.80884517679965,56.93254620355396
-50.881665440414736,-56.84884517679966,-40.233546203553956
-20.72781702125893,-39.65601692774797,8.508
9.426031397896878,-22.463188678696284,57.24954620355396
-20.73184841915581,-5.170828249051686,-40.233546203553956
9.421999999999997,12.022,8.508
39.575848419155804,29.214828249051685,57.24954620355396
9.417968602103116,46.50718867869628,-40.233546203553956
39.57181702125892,63.70001692774797,8.508
69.72566544041474,80.89284517679965,57.24954620355396
8.812334559585263,-56.84884517679966,-40.233546203553956
38.966182978741074,-39.65601692774797,8.508
69.12003139789688,-22.463188678696284,57.24954620355396
38.96215158084419,-5.170828249051686,-40.233546203553956
99.2698484191558,29.214828249051685,57.24954620355396
69.11196860210312,46.50718867869628,-40.233546203553956
99.26581702125893,63.70001692774797,8.508
129.41966544041475,80.89284517679965,57.24954620355396
68.50633455958527,-56.84884517679966,-40.233546203553956
98.66018297874108,-39.65601692774797,8.508
128.81403139789688,-22.463188678696284,57.24954620355396
98.6561515808442,-5.170828249051686,-40.233546203553956
128.81,12.022,8.508
158.9638484191558,29.214828249051685,57.24954620355396
128.80596860210312,46.50718867869628,-40.233546203553956
158.9598170212589,63.70001692774797,8.508
189.11366544041476,80.89284517679965,57.24954620355396
-74.73466544041474,-15.065845176799655,-40.43454620355396
-44.58081702125894,2.126983072252031,8.307
-14.42696860210313,19.31981132130371,57.04854620355396
-44.58484841915581,36.61217175094831,-40.43454620355396
-14.431000000000004,53.805,8.307
15.722848419155795,70.99782824905168,57.04854620355396
-14.435031397896879,88.29018867869628,-40.43454620355396
15.718817021258928,105.48301692774797,8.307
45.87266544041472,122.67584517679964,57.04854620355396
-15.040665440414738,-15.065845176799655,-40.43454620355396
15.113182978741069,2.126983072252031,8.307
45.26703139789687,19.31981132130371,57.04854620355396
15.109151580844191,36.61217175094831,-40.43454620355396
75.4168484191558,70.99782824905168,57.04854620355396
45.258968602103124,88.29018867869628,-40.43454620355396
75.41281702125893,105.48301692774797,8.307
105.56666544041472,122.67584517679964,57.04854620355396
44.65333455958526,-15.065845176799655,-40.43454620355396
74.80718297874107,2.126983072252031,8.307
104.96103139789687,19.31981132130371,57.04854620355396
74.8031515808442,36.61217175094831,-40.43454620355396
104.957,53.805,8.307
135.1108484191558,70.99782824905168,57.04854620355396
104.95296860210313,88.29018867869628,-40.43454620355396
135.10681702125893,105.48301692774797,8.307
165.26066544041473,122.67584517679964,57.04854620355396
-20.890665440414736,-11.945845176799658,-8.55854620355396
9.26318297874107,5.2469830722520285,40.183
39.41703139789689,22.439811321303715,88.92454620355396
9.25915158084419,39.73217175094831,-8.55854620355396
39.413,56.925,40.183
69.56684841915582,74.11782824905168,88.92454620355396
39.408968602103116,91.41018867869627,-8.55854620355396
69.56281702125894,108.60301692774797,40.183
99.71666544041476,125.79584517679965,88.92454620355396
38.80333455958527,-11.945845176799658,-8.55854620355396
68.95718297874107,5.2469830722520285,40.183
99.1110313978969,22.439811321303715,88.92454620355396
68.95315158084419,39.73217175094831,-8.55854620355396
129.26084841915582,74.11782824905168,88.92454620355396
99.10296860210312,91.41018867869627,-8.55854620355396
129.25681702125894,108.60301692774797,40.183
159.41066544041476,125.79584517679965,88.92454620355396
98.49733455958527,-11.945845176799658,-8.55854620355396
128.65118297874108,5.2469830722520285,40.183
158.8050313978969,22.439811321303715,88.92454620355396
128.6471515808442,39.73217175094831,-8.55854620355396
158.801,56.925,40.183
188.95484841915584,74.11782824905168,88.92454620355396
158.7969686021031,91.41018867869627,-8.55854620355396
188.95081702125896,108.60301692774797,40.183
219.10466544041475,125.79584517679965,88.92454620355396
-45.35966544041473,-25.615845176799652,-47.92854620355396
-15.205817021258923,-8.423016927747966,0.813
14.948031397896884,8.76981132130372,49.55454620355396
-15.209848419155804,26.062171750948316,-47.92854620355396
14.944000000000003,43.255,0.813
45.09784841915581,60.44782824905169,49.55454620355396
14.939968602103121,77.74018867869628,-47.92854620355396
45.09381702125893,94.93301692774797,0.813
75.24766544041474,112.12584517679966,49.55454620355396
14.334334559585269,-25.615845176799652,-47.92854620355396
44.48818297874108,-8.423016927747966,0.813
74.64203139789689,8.76981132130372,49.55454620355396
44.4841515808442,26.062171750948316,-47.92854620355396
104.79184841915581,60.44782824905169,49.55454620355396
74.63396860210312,77.74018867869628,-47.92854620355396
104.78781702125893,94.93301692774797,0.813
134.94166544041474,112.12584517679966,49.55454620355396
74.02833455958528,-25.615845176799652,-47.92854620355396
104.18218297874108,-8.423016927747966,0.813
134.33603139789687,8.76981132130372,49.55454620355396
104.1781515808442,26.062171750948316,-47.92854620355396
134.332,43.255,0.813
164.48584841915581,60.44782824905169,49.55454620355396
134.3279686021031,77.74018867869628,-47.92854620355396
164.48181702125893,94.93301692774797,0.813
194.63566544041475,112.12584517679966,49.55454620355396
-69.01166544041475,-12.088845176799659,-8.023546203553956
-38.85781702125894,5.103983072252028,40.718
-8.703968602103117,22.296811321303714,89.45954620355397
-38.86184841915581,39.58917175094831,-8.023546203553956
-8.708000000000006,56.782,40.718
21.44584841915581,73.97482824905168,89.45954620355397
-8.71203139789688,91.26718867869627,-8.023546203553956
21.441817021258927,108.46001692774797,40.718
51.595665440414734,125.65284517679964,89.45954620355397
-9.31766544041474,-12.088845176799659,-8.023546203553956
20.836182978741068,5.103983072252028,40.718
50.990031397896885,22.296811321303714,89.45954620355397
20.83215158084419,39.58917175094831,-8.023546203553956
81.13984841915581,73.97482824905168,89.45954620355397
50.98196860210312,91.26718867869627,-8.023546203553956
81.13581702125893,108.46001692774797,40.718
111.28966544041474,125.65284517679964,89.45954620355397
50.37633455958526,-12.088845176799659,-8.023546203553956
80.53018297874107,5.103983072252028,40.718
110.68403139789689,22.296811321303714,89.45954620355397
80.52615158084419,39.58917175094831,-8.023546203553956
110.68,56.782,40.718
140.8338484191558,73.97482824905168,89.45954620355397
110.67596860210313,91.26718867869627,-8.023546203553956
140.82981702125892,108.46001692774797,40.718
170.98366544041474,125.65284517679964,89.45954620355397
-44.955665440414734,-53.50284517679965,-8.01254620355396
-14.801817021258927,-36.31001692774797,40.729
15.35203139789688,-19.11718867869628,89.47054620355397
-14.805848419155808,-1.824828249051686,-8.01254620355396
15.347999999999999,15.368,40.729
45.501848419155806,32.56082824905169,89.47054620355397
15.343968602103118,49.853188678696284,-8.01254620355396
45.497817021258925,67.04601692774797,40.729
75.65166544041473,84.23884517679966,89.47054620355397
14.738334559585265,-53.50284517679965,-8.01254620355396
44.892182978741076,-36.31001692774797,40.729
75.04603139789688,-19.11718867869628,89.47054620355397
44.888151580844195,-1.824828249051686,-8.01254620355396
105.19584841915581,32.56082824905169,89.47054620355397
75.03796860210312,49.853188678696284,-8.01254620355396
105.19181702125893,67.04601692774797,40.729
135.34566544041473,84.23884517679966,89.47054620355397
74.43233455958527,-53.50284517679965,-8.01254620355396
104.58618297874108,-36.31001692774797,40.729
134.74003139789687,-19.11718867869628,89.47054620355397
104.5821515808442,-1.824828249051686,-8.01254620355396
134.736,15.368,40.729
164.8898484191558,32.56082824905169,89.47054620355397
134.7319686021031,49.853188678696284,-8.01254620355396
164.88581702125893,67.04601692774797,40.729
195.03966544041475,84.23884517679966,89.47054620355397
-29.940665440414737,-34.54384517679966,-5.999546203553962
0.21318297874107373,-17.35101692774797,42.742
30.36703139789688,-0.15818867869628406,91.48354620355396
0.2091515808441926,17.134171750948312,-5.999546203553962
30.363,34.327,42.742
60.51684841915581,51.519828249051685,91.48354620355396
30.35896860210312,68.81218867869629,-5.999546203553962
60.512817021258925,86.00501692774796,42.742
90.66666544041475,103.19784517679966,91.48354620355396
29.753334559585266,-34.54384517679966,-5.999546203553962
59.907182978741076,-17.35101692774797,42.742
90.06103139789688,-0.15818867869628406,91.48354620355396
59.903151580844195,17.134171750948312,-5.999546203553962
120.21084841915581,51.519828249051685,91.48354620355396
90.05296860210312,68.81218867869629,-5.999546203553962
120.20681702125893,86.00501692774796,42.742
150.36066544041475,103.19784517679966,91.48354620355396
89.44733455958527,-34.54384517679966,-5.999546203553962
119.60118297874108,-17.35101692774797,42.742
149.7550313978969,-0.15818867869628406,91.48354620355396
119.5971515808442,17.134171750948312,-5.999546203553962
149.751,34.327,42.742
179.90484841915583,51.519828249051685,91.48354620355396
149.74696860210312,68.81218867869629,-5.999546203553962
179.90081702125894,86.00501692774796,42.742
210.05466544041474,103.19784517679966,91.48354620355396
-60.19766544041474,-16.930845176799657,-30.71954620355396
-30.043817021258935,0.2619830722520291,18.022
0.11003139789687566,17.454811321303715,66.76354620355396
-30.047848419155812,34.74717175094831,-30.71954620355396
0.10599999999999454,51.94,18.022
30.2598484191558,69.13282824905168,66.76354620355396
0.10196860210311343,86.42518867869629,-30.71954620355396
30.25581702125892,103.61801692774796,18.022
60.40966544041473,120.81084517679966,66.76354620355396
-0.5036654404147392,-16.930845176799657,-30.71954620355396
29.650182978741068,0.2619830722520291,18.022
59.80403139789688,17.454811321303715,66.76354620355396
29.64615158084419,34.74717175094831,-30.71954620355396
89.9538484191558,69.13282824905168,66.76354620355396
59.795968602103116,86.42518867869629,-30.71954620355396
89.94981702125892,103.61801692774796,18.022
120.10366544041473,120.81084517679966,66.76354620355396
59.19033455958527,-16.930845176799657,-30.71954620355396
89.34418297874107,0.2619830722520291,18.022
119.49803139789688,17.454811321303715,66.76354620355396
89.34015158084419,34.74717175094831,-30.71954620355396
119.494,51.94,18.022
149.64784841915582,69.13282824905168,66.76354620355396
119.48996860210312,86.42518867869629,-30.71954620355396
149.64381702125894,103.61801692774796,18.022
179.79766544041473,120.81084517679966,66.76354620355396
-29.648665440414735,-17.109845176799652,-31.20354620355396
0.5051829787410753,0.08298307225203416,17.538
30.659031397896882,17.275811321303728,66.27954620355396
0.5011515808441942,34.568171750948316,-31.20354620355396
30.655,51.761,17.538
60.80884841915581,68.9538282490517,66.27954620355396
30.65096860210312,86.24618867869629,-31.20354620355396
60.80481702125893,103.43901692774797,17.538
90.95866544041475,120.63184517679966,66.27954620355396
30.045334559585267,-17.109845176799652,-31.20354620355396
60.19918297874108,0.08298307225203416,17.538
90.35303139789688,17.275811321303728,66.27954620355396
60.1951515808442,34.568171750948316,-31.20354620355396
120.50284841915581,68.9538282490517,66.27954620355396
90.34496860210312,86.24618867869629,-31.20354620355396
120.49881702125893,103.43901692774797,17.538
150.65266544041475,120.63184517679966,66.27954620355396
89.73933455958527,-17.109845176799652,-31.20354620355396
119.89318297874108,0.08298307225203416,17.538
150.0470313978969,17.275811321303728,66.27954620355396
119.8891515808442,34.568171750948316,-31.20354620355396
150.043,51.761,17.538
180.1968484191558,68.9538282490517,66.27954620355396
150.03896860210313,86.24618867869629,-31.20354620355396
180.19281702125892,103.43901692774797,17.538
210.34666544041477,120.63184517679966,66.27954620355396
-60.100665440414744,-34.43984517679966,-5.9865462035539565
-29.946817021258934,-17.24701692774797,42.755
0.20703139789688407,-0.05418867869628485,91.49654620355396
-29.95084841915581,17.23817175094831,-5.9865462035539565
0.20299999999999585,34.431,42.755
30.35684841915581,51.623828249051684,91.49654620355396
0.19896860210312184,68.91618867869627,-5.9865462035539565
30.35281702125893,86.10901692774797,42.755
60.506665440414736,103.30184517679965,91.49654620355396
-0.40666544041473784,-34.43984517679966,-5.9865462035539565
29.74718297874107,-17.24701692774797,42.755
59.90103139789689,-0.05418867869628485,91.49654620355396
29.74315158084419,17.23817175094831,-5.9865462035539565
90.05084841915581,51.623828249051684,91.49654620355396
59.892968602103124,68.91618867869627,-5.9865462035539565
90.04681702125893,86.10901692774797,42.755
120.20066544041474,103.30184517679965,91.49654620355396
59.28733455958526,-34.43984517679966,-5.9865462035539565
89.44118297874107,-17.24701692774797,42.755
119.59503139789689,-0.05418867869628485,91.49654620355396
89.43715158084419,17.23817175094831,-5.9865462035539565
119.59100000000001,34.431,42.755
149.7448484191558,51.623828249051684,91.49654620355396
119.58696860210313,68.91618867869627,-5.9865462035539565
149.74081702125892,86.10901692774797,42.755
179.89466544041474,103.30184517679965,91.49654620355396
-44.81466544041473,-7.893845176799658,-5.589546203553958
-14.660817021258921,9.298983072252028,43.152
15.493031397896885,26.491811321303707,91.89354620355397
-14.664848419155803,43.78417175094831,-5.589546203553958
15.489000000000004,60.977,43.152
45.64284841915581,78.16982824905168,91.89354620355397
15.484968602103123,95.46218867869628,-5.589546203553958
45.63881702125893,112.65501692774797,43.152
75.79266544041475,129.84784517679964,91.89354620355397
14.87933455958527,-7.893845176799658,-5.589546203553958
45.03318297874108,9.298983072252028,43.152
75.18703139789689,26.491811321303707,91.89354620355397
45.0291515808442,43.78417175094831,-5.589546203553958
105.33684841915581,78.16982824905168,91.89354620355397
75.17896860210313,95.46218867869628,-5.589546203553958
105.33281702125893,112.65501692774797,43.152
135.48666544041475,129.84784517679964,91.89354620355397
74.57333455958528,-7.893845176799658,-5.589546203553958
104.72718297874108,9.298983072252028,43.152
134.8810313978969,26.491811321303707,91.89354620355397
104.7231515808442,43.78417175094831,-5.589546203553958
134.877,60.977,43.152
165.0308484191558,78.16982824905168,91.89354620355397
134.87296860210313,95.46218867869628,-5.589546203553958
165.02681702125892,112.65501692774797,43.152
195.18066544041477,129.84784517679964,91.89354620355397
-45.10666544041473,-43.059845176799655,-30.711546203553958
-14.952817021258923,-25.86701692774797,18.03
15.201031397896884,-8.674188678696282,66.77154620355395
-14.956848419155804,8.618171750948314,-30.711546203553958
15.197000000000003,25.811,18.03
45.35084841915581,43.003828249051686,66.77154620355395
15.192968602103122,60.29618867869628,-30.711546203553958
45.34681702125893,77.48901692774797,18.03
75.50066544041475,94.68184517679965,66.77154620355395
14.587334559585269,-43.059845176799655,-30.711546203553958
44.74118297874108,-25.86701692774797,18.03
74.89503139789689,-8.674188678696282,66.77154620355395
44.7371515808442,8.618171750948314,-30.711546203553958
105.04484841915581,43.003828249051686,66.77154620355395
74.88696860210312,60.29618867869628,-30.711546203553958
105.04081702125893,77.48901692774797,18.03
135.19466544041475,94.68184517679965,66.77154620355395
74.28133455958528,-43.059845176799655,-30.711546203553958
104.43518297874108,-25.86701692774797,18.03
134.5890313978969,-8.674188678696282,66.77154620355395
104.4311515808442,8.618171750948314,-30.711546203553958
134.585,25.811,18.03
164.73884841915583,43.003828249051686,66.77154620355395
134.58096860210313,60.29618867869628,-30.711546203553958
164.73481702125895,77.48901692774797,18.03
194.88866544041474,94.68184517679965,66.77154620355395
-74.99466544041474,-25.437845176799655,-18.013546203553958
-44.84081702125893,-8.245016927747969,30.728
-14.686968602103121,8.947811321303718,79.46954620355396
-44.84484841915581,26.240171750948313,-18.013546203553958
-14.691000000000003,43.433,30.728
15.462848419155804,60.625828249051686,79.46954620355396
-14.695031397896884,77.91818867869628,-18.013546203553958
15.458817021258923,95.11101692774797,30.728
45.61266544041473,112.30384517679965,79.46954620355396
-15.300665440414736,-25.437845176799655,-18.013546203553958
14.85318297874107,-8.245016927747969,30.728
45.00703139789688,8.947811321303718,79.46954620355396
14.849151580844193,26.240171750948313,-18.013546203553958
75.1568484191558,60.625828249051686,79.46954620355396
44.99896860210312,77.91818867869628,-18.013546203553958
75.15281702125893,95.11101692774797,30.728
105.30666544041473,112.30384517679965,79.46954620355396
44.39333455958527,-25.437845176799655,-18.013546203553958
74.54718297874108,-8.245016927747969,30.728
104.70103139789688,8.947811321303718,79.46954620355396
74.5431515808442,26.240171750948313,-18.013546203553958
104.697,43.433,30.728
134.8508484191558,60.625828249051686,79.46954620355396
104.69296860210312,77.91818867869628,-18.013546203553958
134.84681702125891,95.11101692774797,30.728
165.00066544041474,112.30384517679965,79.46954620355396
-75.61366544041474,-60.50084517679966,-42.89254620355396
-45.45981702125893,-43.30801692774797,5.849
-15.305968602103121,-26.115188678696285,54.590546203553956
-45.46384841915581,-8.822828249051687,-42.89254620355396
-15.310000000000002,8.37,5.849
14.843848419155805,25.562828249051684,54.590546203553956
-15.314031397896883,42.85518867869628,-42.89254620355396
14.839817021258924,60.048016927747966,5.849
44.99366544041473,77.24084517679965,54.590546203553956
-15.919665440414736,-60.50084517679966,-42.89254620355396
14.234182978741071,-43.30801692774797,5.849
44.38803139789688,-26.115188678696285,54.590546203553956
14.230151580844193,-8.822828249051687,-42.89254620355396
74.53784841915581,25.562828249051684,54.590546203553956
44.37996860210312,42.85518867869628,-42.89254620355396
74.53381702125893,60.048016927747966,5.849
104.68766544041473,77.24084517679965,54.590546203553956
43.77433455958527,-60.50084517679966,-42.89254620355396
73.92818297874108,-43.30801692774797,5.849
104.08203139789688,-26.115188678696285,54.590546203553956
73.9241515808442,-8.822828249051687,-42.89254620355396
104.078,8.37,5.849
134.23184841915582,25.562828249051684,54.590546203553956
104.07396860210312,42.85518867869628,-42.89254620355396
134.22781702125894,60.048016927747966,5.849
164.38166544041474,77.24084517679965,54.590546203553956
-90.09266544041473,-51.788845176799654,-17.96254620355396
-59.93881702125893,-34.59601692774797,30.779
-29.784968602103124,-17.40318867869628,79.52054620355396
-59.94284841915581,-0.11082824905168565,-17.96254620355396
-29.789,17.082,30.779
0.36484841915580546,34.27482824905169,79.52054620355396
-29.79303139789688,51.56718867869628,-17.96254620355396
0.36081702125892434,68.76001692774797,30.779
30.51466544041473,85.95284517679966,79.52054620355396
-30.398665440414735,-51.788845176799654,-17.96254620355396
-0.24481702125892824,-34.59601692774797,30.779
29.90903139789688,-17.40318867869628,79.52054620355396
-0.2488484191558058,-0.11082824905168565,-17.96254620355396
60.05884841915581,34.27482824905169,79.52054620355396
29.900968602103124,51.56718867869628,-17.96254620355396
60.05481702125893,68.76001692774797,30.779
90.20866544041473,85.95284517679966,79.52054620355396
29.295334559585267,-51.788845176799654,-17.96254620355396
59.44918297874108,-34.59601692774797,30.779
89.60303139789688,-17.40318867869628,79.52054620355396
59.4451515808442,-0.11082824905168565,-17.96254620355396
89.599,17.082,30.779
119.75284841915581,34.27482824905169,79.52054620355396
89.59496860210312,51.56718867869628,-17.96254620355396
119.74881702125893,68.76001692774797,30.779
149.90266544041475,85.95284517679966,79.52054620355396
-59.92266544041473,-34.227845176799654,-42.76654620355396
-29.76881702125893,-17.035016927747968,5.975
0.38503139789688134,0.15781132130371844,54.71654620355396
-29.772848419155807,17.450171750948314,-42.76654620355396
0.3810000000000002,34.643,5.975
30.534848419155807,51.83582824905169,54.71654620355396
0.3769686021031191,69.12818867869629,-42.76654620355396
30.530817021258926,86.32101692774796,5.975
60.68466544041473,103.51384517679966,54.71654620355396
-0.22866544041473347,-34.227845176799654,-42.76654620355396
29.925182978741073,-17.035016927747968,5.975
60.079031397896884,0.15781132130371844,54.71654620355396
29.921151580844196,17.450171750948314,-42.76654620355396
90.22884841915581,51.83582824905169,54.71654620355396
60.07096860210312,69.12818867869629,-42.76654620355396
90.22481702125893,86.32101692774796,5.975
120.37866544041474,103.51384517679966,54.71654620355396
59.46533455958527,-34.227845176799654,-42.76654620355396
89.61918297874108,-17.035016927747968,5.975
119.77303139789689,0.15781132130371844,54.71654620355396
89.6151515808442,17.450171750948314,-42.76654620355396
119.769,34.643,5.975
149.9228484191558,51.83582824905169,54.71654620355396
119.76496860210312,69.12818867869629,-42.76654620355396
149.91881702125892,86.32101692774796,5.975
180.07266544041474,103.51384517679966,54.71654620355396
-59.93966544041474,-51.882845176799655,-18.048546203553958
-29.785817021258932,-34.69001692774797,30.693
0.36803139789688544,-17.497188678696283,79.43454620355396
-29.78984841915581,-0.20482824905168684,-18.048546203553958
0.3639999999999972,16.988,30.693
30.51784841915581,34.180828249051686,79.43454620355396
0.3599686021031232,51.47318867869628,-18.048546203553958
30.51381702125893,68.66601692774796,30.693
60.66766544041474,85.85884517679966,79.43454620355396
-0.24566544041473648,-51.882845176799655,-18.048546203553958
29.90818297874107,-34.69001692774797,30.693
60.06203139789689,-17.497188678696283,79.43454620355396
29.904151580844193,-0.20482824905168684,-18.048546203553958
90.21184841915581,34.180828249051686,79.43454620355396
60.053968602103126,51.47318867869628,-18.048546203553958
90.20781702125893,68.66601692774796,30.693
120.36166544041474,85.85884517679966,79.43454620355396
59.44833455958526,-51.882845176799655,-18.048546203553958
89.60218297874107,-34.69001692774797,30.693
119.75603139789689,-17.497188678696283,79.43454620355396
89.59815158084419,-0.20482824905168684,-18.048546203553958
119.75200000000001,16.988,30.693
149.9058484191558,34.180828249051686,79.43454620355396
119.74796860210313,51.47318867869628,-18.048546203553958
149.90181702125892,68.66601692774796,30.693
180.05566544041474,85.85884517679966,79.43454620355396
-90.28566544041473,-34.95784517679966,-42.85954620355396
-60.13181702125893,-17.765016927747972,5.882
-29.97796860210312,-0.5721886786962855,54.62354620355396
-60.135848419155806,16.72017175094831,-42.85954620355396
-29.982000000000003,33.913,5.882
0.17184841915580762,51.10582824905168,54.62354620355396
-29.98603139789688,68.39818867869627,-42.85954620355396
0.1678170212589265,85.59101692774797,5.882
30.321665440414733,102.78384517679964,54.62354620355396
-30.591665440414737,-34.95784517679966,-42.85954620355396
-0.43781702125892963,-17.765016927747972,5.882
29.71603139789688,-0.5721886786962855,54.62354620355396
-0.4418484191558072,16.72017175094831,-42.85954620355396
59.86584841915581,51.10582824905168,54.62354620355396
29.707968602103122,68.39818867869627,-42.85954620355396
59.86181702125893,85.59101692774797,5.882
90.01566544041474,102.78384517679964,54.62354620355396
29.102334559585266,-34.95784517679966,-42.85954620355396
59.25618297874107,-17.765016927747972,5.882
89.41003139789689,-0.5721886786962855,54.62354620355396
59.2521515808442,16.72017175094831,-42.85954620355396
89.406,33.913,5.882
119.55984841915581,51.10582824905168,54.62354620355396
89.40196860210312,68.39818867869627,-42.85954620355396
119.55581702125893,85.59101692774797,5.882
149.70966544041474,102.78384517679964,54.62354620355396
